{"stage-1/train_loss_avg": 0.06328881303966045, "epoch": 10, "_timestamp": 1655477503, "_runtime": 51, "_step": 159, "stage-1/traing_loss_val": 0.03807511180639267, "stage-1/traing_loss_sum": 126.57762607932091, "stage-1/traing_loss_count": 2000, "stage-1/val_loss_avg": 0.07730167865753174, "stage-1/val_loss_val": 0.06033836305141449, "stage-1/val_loss_sum": 77.30167865753174, "stage-1/val_loss_count": 1000, "stage-1/psnr_metric_avg": 19.82440689468384, "stage-1/psnr_metric_val": 21.092073440551758, "stage-1/psnr_metric_sum": 19824.406894683838, "stage-1/psnr_metric_count": 1000, "stage-1/ssim_metric_avg": 0.453065868973732, "stage-1/ssim_metric_val": 0.5032190680503845, "stage-1/ssim_metric_sum": 453.065868973732, "stage-1/ssim_metric_count": 1000, "_wandb": {"runtime": 52}}