{"Generator/loss": 0.0480431467294693, "epoch": 10, "_timestamp": 1655466685, "_runtime": 48, "_step": 389, "Generator/train_loss_avg": 0.062235261932015416, "Generator/traing_loss": 0.0480431467294693, "_wandb": {"runtime": 51}}