{"generator_train": {"_type": "histogram", "values": [109349, 6789, 6119, 6131, 9968, 27038, 28346, 17575, 13298, 11256, 11837, 12805, 12587, 11631, 11790, 12878, 12070, 8490, 6541, 5648, 5073, 4877, 4287, 3698, 3221, 3150, 3004, 3037, 3268, 3557, 4054, 9844], "bins": [0.0, 0.03125, 0.0625, 0.09375, 0.125, 0.15625, 0.1875, 0.21875, 0.25, 0.28125, 0.3125, 0.34375, 0.375, 0.40625, 0.4375, 0.46875, 0.5, 0.53125, 0.5625, 0.59375, 0.625, 0.65625, 0.6875, 0.71875, 0.75, 0.78125, 0.8125, 0.84375, 0.875, 0.90625, 0.9375, 0.96875, 1.0]}, "epoch": 10, "_timestamp": 1655478989, "_runtime": 53, "_step": 289, "stage-1/train_loss_avg": 0.07130135692656041, "stage-1/traing_loss_val": 0.047492336481809616, "stage-1/traing_loss_sum": 142.6027138531208, "stage-1/traing_loss_count": 2000, "stage-1/val_loss_avg": 0.08170630779862403, "stage-1/val_loss_val": 0.05988919734954834, "stage-1/val_loss_sum": 81.70630779862404, "stage-1/val_loss_count": 1000, "stage-1/psnr_metric_avg": 19.469113243103028, "stage-1/psnr_metric_val": 21.053630828857422, "stage-1/psnr_metric_sum": 19469.113243103027, "stage-1/psnr_metric_count": 1000, "stage-1/ssim_metric_avg": 0.4478263179659843, "stage-1/ssim_metric_val": 0.5162720680236816, "stage-1/ssim_metric_sum": 447.82631796598434, "stage-1/ssim_metric_count": 1000, "_wandb": {"runtime": 54}}