{"generator_train": {"_type": "histogram", "values": [147475, 92, 375, 1250, 3547, 10630, 11139, 10964, 17242, 21754, 22492, 17183, 13382, 12077, 10895, 10446, 9942, 8134, 8882, 8095, 9318, 7699, 4295, 3263, 2073, 2168, 5660, 8423, 2673, 609, 396, 643], "bins": [0.0, 0.03125, 0.0625, 0.09375, 0.125, 0.15625, 0.1875, 0.21875, 0.25, 0.28125, 0.3125, 0.34375, 0.375, 0.40625, 0.4375, 0.46875, 0.5, 0.53125, 0.5625, 0.59375, 0.625, 0.65625, 0.6875, 0.71875, 0.75, 0.78125, 0.8125, 0.84375, 0.875, 0.90625, 0.9375, 0.96875, 1.0]}, "epoch": 10, "_timestamp": 1655479117, "_runtime": 52, "_step": 209, "stage-1/train_loss_avg": 0.06324178808182478, "stage-1/traing_loss_val": 0.038451068103313446, "stage-1/val_loss_avg": 0.07369673064351082, "stage-1/val_loss_val": 0.06370304524898529, "stage-1/psnr_metric_avg": 20.04258390045166, "stage-1/psnr_metric_val": 20.828407287597656, "stage-1/ssim_metric_avg": 0.4764078274965286, "stage-1/ssim_metric_val": 0.5132344365119934, "_wandb": {"runtime": 54}}