{"stage-1/train_loss_avg": 0.06581579406559468, "epoch": 10, "_timestamp": 1655477635, "_runtime": 51, "_step": 159, "stage-1/traing_loss_val": 0.05580231547355652, "stage-1/traing_loss_sum": 131.63158813118935, "stage-1/traing_loss_count": 2000, "stage-1/val_loss_avg": 0.07776146830618381, "stage-1/val_loss_val": 0.07123163342475891, "stage-1/val_loss_sum": 77.76146830618382, "stage-1/val_loss_count": 1000, "stage-1/psnr_metric_avg": 19.722306510925293, "stage-1/psnr_metric_val": 20.10639762878418, "stage-1/psnr_metric_sum": 19722.306510925293, "stage-1/psnr_metric_count": 1000, "stage-1/ssim_metric_avg": 0.4487524675130844, "stage-1/ssim_metric_val": 0.5016897916793823, "stage-1/ssim_metric_sum": 448.7524675130844, "stage-1/ssim_metric_count": 1000, "_wandb": {"runtime": 53}}