{"generator_train": {"_type": "histogram", "values": [147169, 756, 790, 2334, 5079, 6932, 9938, 8723, 6267, 5963, 8297, 11091, 13055, 19107, 24539, 19819, 16572, 22692, 16340, 15805, 8119, 6505, 5548, 3109, 2033, 1057, 816, 648, 549, 778, 995, 1791], "bins": [0.0, 0.03125, 0.0625, 0.09375, 0.125, 0.15625, 0.1875, 0.21875, 0.25, 0.28125, 0.3125, 0.34375, 0.375, 0.40625, 0.4375, 0.46875, 0.5, 0.53125, 0.5625, 0.59375, 0.625, 0.65625, 0.6875, 0.71875, 0.75, 0.78125, 0.8125, 0.84375, 0.875, 0.90625, 0.9375, 0.96875, 1.0]}, "epoch": 10, "_timestamp": 1655479472, "_runtime": 53, "_step": 209, "stage-1/train_loss_avg": 0.07026637962460518, "stage-1/traing_loss_val": 0.028224196285009384, "stage-1/val_loss_avg": 0.08191532760858536, "stage-1/val_loss_val": 0.06588421761989594, "stage-1/psnr_metric_avg": 19.345165534973145, "stage-1/psnr_metric_val": 20.67510223388672, "stage-1/ssim_metric_avg": 0.4480831488966942, "stage-1/ssim_metric_val": 0.5068805813789368, "_wandb": {"runtime": 55}}