{"generator_train": {"_type": "histogram", "values": [49473, 3370, 6719, 6819, 12146, 24381, 30039, 16738, 14642, 14931, 16344, 15420, 15159, 14310, 12880, 10943, 10099, 10260, 10944, 11993, 12349, 11618, 10045, 8907, 7894, 7110, 5516, 5243, 5051, 3990, 2618, 5265], "bins": [0.0, 0.03125, 0.0625, 0.09375, 0.125, 0.15625, 0.1875, 0.21875, 0.25, 0.28125, 0.3125, 0.34375, 0.375, 0.40625, 0.4375, 0.46875, 0.5, 0.53125, 0.5625, 0.59375, 0.625, 0.65625, 0.6875, 0.71875, 0.75, 0.78125, 0.8125, 0.84375, 0.875, 0.90625, 0.9375, 0.96875, 1.0]}, "epoch": 10, "_timestamp": 1655478788, "_runtime": 53, "_step": 289, "stage-1/train_loss_avg": 0.06560260531306267, "stage-1/traing_loss_val": 0.057189714163541794, "stage-1/traing_loss_sum": 131.20521062612534, "stage-1/traing_loss_count": 2000, "stage-1/val_loss_avg": 0.07781911590695381, "stage-1/val_loss_val": 0.06709671020507812, "stage-1/val_loss_sum": 77.81911590695381, "stage-1/val_loss_count": 1000, "stage-1/psnr_metric_avg": 19.68165679550171, "stage-1/psnr_metric_val": 20.47711181640625, "stage-1/psnr_metric_sum": 19681.65679550171, "stage-1/psnr_metric_count": 1000, "stage-1/ssim_metric_avg": 0.46352913880348207, "stage-1/ssim_metric_val": 0.5090228319168091, "stage-1/ssim_metric_sum": 463.52913880348206, "stage-1/ssim_metric_count": 1000, "_wandb": {"runtime": 54}}